TGTGCCACCACCGGGGGGCAGGCTGTCTATAGCAATCAGCCCCAGCATTTT	CATTGGQAVYSNQPQHF	TRBV24-1	TRBJ1-5
TGTGCCAGCAGCTTAGGTGGACAGGGAAACAGCTCTGGGGCCAACGTCCTGACTTTC	CASSLGGQGNSSGANVLTF	TRBV7-2	TRBJ2-6
TGCGCCAGCAGCGGACAGCCTCCTGGAAACACCATATATTTT	CASSGQPPGNTIYF	TRBV10-1	TRBJ1-3
TGTGCCAGCAGTTACACCGGCTATAGGAACACCGGGGAGCTGTTTTTT	CASSYTGYRNTGELFF	TRBV6-3	TRBJ2-2
TGTGCCAGCAGCTTGGCACAGGGGGCAGGTCAGCCCCAGCATTTT	CASSLAQGAGQPQHF	TRBV5-6	TRBJ1-5
TGTGCCAGCAGTTTCGGGGCTGACGAGCAGTACTTC	CASSFGADEQYF	TRBV9	TRBJ2-7
TGTGCCAGCAGTGCAGAACCCCGACTCCGGGTCTACGAGCAGTACTTC	CASSAEPRLRVYEQYF	TRBV6-4	TRBJ2-7
TGTGCCAGCAATTATCAAGACAGGAACACTGAAGCTTTCTTT	CASNYQDRNTEAFF	TRBV6-5	TRBJ1-1
TGTGCCAGCAGTTTATCCATCCCCTCTGTGGGGGGTTACTCCTACGAGCAGTACTTC	CASSLSIPSVGGYSYEQYF	TRBV28	TRBJ2-7
TGTGCCAGCAGTGCATCCTTCAGGGGGCGCCCCACTGAAGCTTTCTTT	CASSASFRGRPTEAFF	TRBV2	TRBJ1-1
TGTGCCAGCAGCGGGGGGGCCGTTTACGAGCAGTACTTC	CASSGGAVYEQYF	TRBV9	TRBJ2-7
TGTGCCAGCAGCGGTTATGTAGGGGGGGCCTCCTACGAGCAGTACTTC	CASSGYVGGASYEQYF	TRBV9	TRBJ2-7
TGTGCCTCCCTGGGACAGGAAACCGGGGAGCTGTTTTTT	CASLGQETGELFF	TRBV25-1	TRBJ2-2
TGTGCCAGCAGCTTACTAGGACTAGCGGGTTCAGGCTTAAGCTCCTACAATGAGCAGTTCTTC	CASSLLGLAGSGLSSYNEQFF	TRBV7-9	TRBJ2-1
TGTGCCAGCAGTGAGGGGGCGGGAGAAAAACTGTTTTTT	CASSEGAGEKLFF	TRBV27	TRBJ1-4
TGTGCCAGCCGGCCAGGGGTGGTATGTAATGGCTACACCTTC	CASRPGVVCNGYTF	TRBV3-1	TRBJ1-2
TGTGCCAGCACAGTTATGGGACTAGCGGAGGGCTACGAGCAGTACTTC	CASTVMGLAEGYEQYF	TRBV7-4	TRBJ2-7
TGTGCCAGCAGTGCGTATGTTGCCAAGGGCAGGGCAGATACGCAGTATTTT	CASSAYVAKGRADTQYF	TRBV6-4	TRBJ2-3
TGCAGTGCAGCGGGACGGCCCTACGAGCAGTACTTC	CSAAGRPYEQYF	TRBV20-1	TRBJ2-7
TGCGCCAGCAGCCAGTGCCGGGACAACACTGAAGCTTTCTTT	CASSQCRDNTEAFF	TRBV5-1	TRBJ1-1
TGTGCCAGCAGTACGGTCGGGTGCTACGAGCAGTACTTC	CASSTVGCYEQYF	TRBV6-5	TRBJ2-7
TGCACTGGGGGGCCATGTAACACGTACAATGAGCAGTTCTTC	CTGGPCNTYNEQFF	TRBV29-1	TRBJ2-1
TGTGCCTGGAGTGTCCCCCCGGGACAGGAAGCAGGCTACACCTTC	CAWSVPPGQEAGYTF	TRBV30	TRBJ1-2
TGCGCCAGCAGCTTGTTCCTAATCGAGACAGATACGCAGTATTTT	CASSLFLIETDTQYF	TRBV5-1	TRBJ2-3
TGTGCCACCAGCAAGGCAGGACCCGAGCAGTACTTC	CATSKAGPEQYF	TRBV24-1	TRBJ2-7
TGTGCCAGCAGTTACGCAAGGCACACTGAAGCTTTCTTT	CASSYARHTEAFF	TRBV6-2	TRBJ1-1
TGTGCCAGCAGGTGTTTCCCGCTAGCAGGCAGCAAGGGTGAATTCACCATATATTTT	CASRCFPLAGSKGEFTIYF	TRBV13	TRBJ1-3
TGTGCCACCAGTGTAGACGGGATGCTCTACGAGCAGTACTTC	CATSVDGMLYEQYF	TRBV24-1	TRBJ2-7
TGTGCCAGCAGCGAACCCCTAGGGTCCTACAATGAGCAGTTCTTC	CASSEPLGSYNEQFF	TRBV13	TRBJ2-1
TGTGCCAGCAGCTTAGCCCAAGAAGCCGGGACAGGGCGGAACACTGAAGCTTTCTTT	CASSLAQEAGTGRNTEAFF	TRBV7-2	TRBJ1-1
TGTGCCAGCAGCTTGCTCATGGAGCAGTTCTTC	CASSLLMEQFF	TRBV5-6	TRBJ2-1
TGTGCCACCAGTGACGGGACACCCCAAGAGACCCAGTACTTC	CATSDGTPQETQYF	TRBV24-1	TRBJ2-5
TGTGCCAGCTCAGGGACCGCAGGGGCATCCGAAAAACTGTTTTTT	CASSGTAGASEKLFF	TRBV18	TRBJ1-4
TGTGCCAGCAATAAGGGACGGGACAGGAATAGCAATCAGCCCCAGCATTTT	CASNKGRDRNSNQPQHF	TRBV6-4	TRBJ1-5
TGTGCCAGCAGCTTGGCATTCACTAGCGACGGCGGGGAGCTGTTTTTT	CASSLAFTSDGGELFF	TRBV5-4	TRBJ2-2
TGTGCCAGCAGTTTGCCCGGGCATCGTGGAACAGATACGCAGTATTTT	CASSLPGHRGTDTQYF	TRBV12-3	TRBJ2-3
TGTGCCAGCAGCGACCTAAACTATGGCTACACCTTC	CASSDLNYGYTF	TRBV6-5	TRBJ1-2
TGTGCCAAAGTAGGACAATCCGCGAGAGAAAAACTGTTTTTT	CAKVGQSAREKLFF	TRBV19	TRBJ1-4
TGTGCCAGCAGTGGGCGGGGGGGACGGAGCTCCTACAATGAGCAGTTCTTC	CASSGRGGRSSYNEQFF	TRBV27	TRBJ2-1
TGTGCCAGCAGCCGTCAGACAGACACTGAAGCTTTCTTT	CASSRQTDTEAFF	TRBV7-4	TRBJ1-1
TGCGCCAGCAGCCTCAGGGGGCTCCCTTTCCGAAGCAATCAGCCCCAGCATTTT	CASSLRGLPFRSNQPQHF	TRBV5-1	TRBJ1-5
TGTGCCAGCACCGGTTGGGGGGGATATGGATACGAGCAGTACTTC	CASTGWGGYGYEQYF	TRBV6-3	TRBJ2-7
TGTGCCATGTCAGAGGGAATGGGGGCCCGGGATAGCTCCTACGAGCAGTACTTC	CAMSEGMGARDSSYEQYF	TRBV28	TRBJ2-7
TGTGCCAGCAGCTTAAATGAGGGTGACAGGAGCACAGATACGCAGTATTTT	CASSLNEGDRSTDTQYF	TRBV11-3	TRBJ2-3
TGTGCCAGCAGCCGAGGACAGGGTAGCAATCAGCCCCAGCATTTT	CASSRGQGSNQPQHF	TRBV27	TRBJ1-5
TGCGCCAGCAGCCACATGGTAATGTACGGGGCGACGAACACCGGGGAGCTGTTTTTT	CASSHMVMYGATNTGELFF	TRBV4-1	TRBJ2-2
TGCGCCAGCAGCTCCGGGGGGCGTACCTACAATGAGCAGTTCTTC	CASSSGGRTYNEQFF	TRBV5-1	TRBJ2-1
TGTGCCAGCAGCCTCCTAGGTCACGGTGCAGAGCAGTACTTC	CASSLLGHGAEQYF	TRBV7-9	TRBJ2-7
TGTGCCAGCAGTTACTCGGACCCAGGAAGCTCCTACAATGAGCAGTTCTTC	CASSYSDPGSSYNEQFF	TRBV6-5	TRBJ2-1
TGTGCCTGGAGGAAAAAACGCGGGACAGAACAACAAGCTAATGAAAAACTGTTTTTT	CAWRKKRGTEQQANEKLFF	TRBV30	TRBJ1-4
TGTGCCAGCAGTAGGGCGTCCCCGTCTAGCGGGCGTCAGACCCAGTACTTC	CASSRASPSSGRQTQYF	TRBV28	TRBJ2-5
TGTGCCAGTAGTATGCTTTCTCCGACTAGCGGGGCAGGCTACACCGGGGAGCTGTTTTTT	CASSMLSPTSGAGYTGELFF	TRBV19	TRBJ2-2
TGTGCCAGCAGCTTTGGGCCGGTAACAGATACGCAGTATTTT	CASSFGPVTDTQYF	TRBV13	TRBJ2-3
TGCGCCAGCAGTCACCTAGCGGCCCCCGGGGAGCTGTTTTTT	CASSHLAAPGELFF	TRBV10-1	TRBJ2-2
TGTGCCATCAGTGAGAAGGGGGGCAATTCACCCCTCCACTTT	CAISEKGGNSPLHF	TRBV10-3	TRBJ1-6
TGTGCCAGCAGACAGTTAATCTCCTATAATTCACCCCTCCACTTT	CASRQLISYNSPLHF	TRBV7-2	TRBJ1-6
TGCGCCAGCAGCTTCCCGACAGGGGGCTCCGATGAAAAACTGTTTTTT	CASSFPTGGSDEKLFF	TRBV5-1	TRBJ1-4
TGCAGTGCTAGGGGGGGGGTTAATAGCACAGATACGCAGTATTTT	CSARGGVNSTDTQYF	TRBV20-1	TRBJ2-3
TGTGCCAGCAGACCCGGGAAGAAAGTATCGACAGAGACCCAGTACTTC	CASRPGKKVSTETQYF	TRBV7-9	TRBJ2-5
TGCGCCAGCAGCCAAGCTCTCCCGGGAACGCGACGCAAAAACATTCAGTACTTC	CASSQALPGTRRKNIQYF	TRBV4-1	TRBJ2-4
TGTGCCAGCAGCCTTCTTAAGGACTCGTTACTGGAGCTAGAGACCCAGTACTTC	CASSLLKDSLLELETQYF	TRBV14	TRBJ2-5
TGTGCCAGCAAGGGACAGGGGCCCGTGGATCAGCCCCAGCATTTT	CASKGQGPVDQPQHF	TRBV9	TRBJ1-5
TGCAGTGCTAGAGATTCGGGGGGACAGCTAGTACCTAACTATGGCTACACCTTC	CSARDSGGQLVPNYGYTF	TRBV20-1	TRBJ1-2
TGTGCCATCAGTGACTACCGACTAGCGGGAGGGCCCCCTGGGGACTACGAGCAGTACTTC	CAISDYRLAGGPPGDYEQYF	TRBV10-3	TRBJ2-7
TGCGCCAGCAGCACCCCGCAGGGGGCCGCTCACTACGAGCAGTACTTC	CASSTPQGAAHYEQYF	TRBV5-1	TRBJ2-7
TGTGCCAGCAGCCAAGCTCGGGATGCTGGACAGGGCCACACTGAAGCTTTCTTT	CASSQARDAGQGHTEAFF	TRBV14	TRBJ1-1
TGTGCCAGCAGCCATATTTCCTCGGGACTTGATAGCAATCAGCCCCAGCATTTT	CASSHISSGLDSNQPQHF	TRBV13	TRBJ1-5
TGCAGTGCATGGTACCGGGACTATAGCAATCAGCCCCAGCATTTT	CSAWYRDYSNQPQHF	TRBV20-1	TRBJ1-5
TGTGCCAGCCTTGGTGGCTACGAGCAGTACTTC	CASLGGYEQYF	TRBV27	TRBJ2-7
TGTGCCAGCAGCGGACTAGACGAGCAGTACTTC	CASSGLDEQYF	TRBV7-2	TRBJ2-7
TGTGCCAGCAGTGTAGGGGGGGTAAGCAACTACAATGAGCAGTTCTTC	CASSVGGVSNYNEQFF	TRBV13	TRBJ2-1
TGCAGTGCTAGAGCGCCCGGGGGACAGGGAGAAAAACTGTTTTTT	CSARAPGGQGEKLFF	TRBV20-1	TRBJ1-4
TGCAGTGCTAGAGAGGCTCCGGGCCTTAGCGGGAGATGCAGCTACGAGCAGTACTTC	CSAREAPGLSGRCSYEQYF	TRBV20-1	TRBJ2-7
TGTGCCAGCAGCGAAAGGCTAGCGGGGGGAGATACGCAGTATTTT	CASSERLAGGDTQYF	TRBV11-2	TRBJ2-3
TGTGCCAGCAGCCCTGGGCCCCCGTCCGATATCAATGAGCAGTTCTTC	CASSPGPPSDINEQFF	TRBV7-4	TRBJ2-1
TGTGCCCCCCGACTAGCGGGCGGAGGAGTTCAAGTCTACGAGCAGTACTTC	CAPRLAGGGVQVYEQYF	TRBV28	TRBJ2-7
TGCAGTGCTAGAGATGGGAGCGACCCCTGCTCCGGGACAGGGGGCCCAGGATTCCAAGAGACCCAGTACTTC	CSARDGSDPCSGTGGPGFQETQYF	TRBV20-1	TRBJ2-5
TGTGCCAGCAGCGAGGGGAACACAGATACGCAGTATTTT	CASSEGNTDTQYF	TRBV9	TRBJ2-3
TGTGCCACGGATGACCAGGGGGACGCCTACGAGCAGTACTTC	CATDDQGDAYEQYF	TRBV6-4	TRBJ2-7
TGCAGCGTTGTTCCTAGTCTTGGAAGGACCCAGTACTTC	CSVVPSLGRTQYF	TRBV29-1	TRBJ2-5
TGTGCCAGCAGCTTAGGATATGGAGCTAATGAAAAACTGTTTTTT	CASSLGYGANEKLFF	TRBV7-9	TRBJ1-4
TGTGCCAGCAGCAGTACGGAGCAGTACTTC	CASSSTEQYF	TRBV13	TRBJ2-7
TGTGCCAGCAGTGAAGCGACTCAAGACGCATGGACCCAGTACTTC	CASSEATQDAWTQYF	TRBV2	TRBJ2-5
TGTGCCAGCAGCACTGCAGGGACAGGTCCGTACAATGAGCAGTTCTTC	CASSTAGTGPYNEQFF	TRBV13	TRBJ2-1
TGTGCCAGCACCCGGACCCGGGCCCATCAGCCCCAGCATTTT	CASTRTRAHQPQHF	TRBV7-9	TRBJ1-5
TGTGCCAGCAGCGATCCCAAGCCCCAGCATTTT	CASSDPKPQHF	TRBV13	TRBJ1-5
TGTGCCAGCAGCCTTCCCGACAGGGGTACGCCCCAGCATTTT	CASSLPDRGTPQHF	TRBV7-6	TRBJ1-5
TGTGCCAGCACCGGGAGATCACCCCTCCACTTT	CASTGRSPLHF	TRBV27	TRBJ1-6
TGTGCCAGCAGCTTAAAGACGACAGGGACTAGCGGCACAGATACGCAGTATTTT	CASSLKTTGTSGTDTQYF	TRBV11-2	TRBJ2-3
TGTGCCAGCAGCGGCAGAATAGGGGGCCGGGGAGACTATGGCTACACCTTC	CASSGRIGGRGDYGYTF	TRBV7-4	TRBJ1-2
TGTGCCAGCAGTTACTCCCCGGGGGGTCGGTACGAGCAGTACTTC	CASSYSPGGRYEQYF	TRBV6-5	TRBJ2-7
TGTGCCAGCAGCTGTCCTAACACAGATACGCAGTATTTT	CASSCPNTDTQYF	TRBV7-2	TRBJ2-3
TGTGCCAGCAGCTTCAGGGTCCTTTCTGAGCAGTACTTC	CASSFRVLSEQYF	TRBV13	TRBJ2-7
TGTGCCACCAGTGATTGTCAACGAGGAGACACAGATACGCAGTATTTT	CATSDCQRGDTDTQYF	TRBV24-1	TRBJ2-3
TGCAGTGCTAGACACAGGTACGAGCAGTACTTC	CSARHRYEQYF	TRBV20-1	TRBJ2-7
TGTGCCAGCAGCTTACATCTGGGACAGGGGCTGAAGGGTAACACTGAAGCTTTCTTT	CASSLHLGQGLKGNTEAFF	TRBV7-2	TRBJ1-1
TGTGCCAGCAGCCAAGGTTACCCCGGGACAGGGGGCCTACTCCGCTGGGACGGGGAGCTGTTTTTT	CASSQGYPGTGGLLRWDGELFF	TRBV3-1	TRBJ2-2
TGTGCCAGCAGCTTGTCCCAGGCCTACAATGAGCAGTTCTTC	CASSLSQAYNEQFF	TRBV9	TRBJ2-1
TGTGCCAGCAGATGGGGGGAGGGTTCCACTGAAGCTTTCTTT	CASRWGEGSTEAFF	TRBV6-6	TRBJ1-1
TGTGCCAGCAGCATCGTTCGGCCGCCCCAGCATTTT	CASSIVRPPQHF	TRBV7-3	TRBJ1-5
